@timestamp,message
2022-01-12T03:08:32.844Z,2022-01-12 08:38:32 - ive - [103.217.133.153] mokumar(Okta_Realm)[] - Login failed using auth server OktaRadius (Radius Server).  Reason: Failed
2022-01-12T03:08:46.236Z,2022-01-12 08:38:45 - ive - [103.15.252.187] prakhar(Okta_Realm)[] - Login failed using auth server OktaRadius (Radius Server).  Reason: Failed
2022-01-12T03:09:39.440Z,2022-01-12 08:39:39 - ive - [103.15.252.187] prakhar(Okta_Realm)[] - Login failed using auth server OktaRadius (Radius Server).  Reason: Failed
2022-01-12T03:10:02.687Z,2022-01-12 08:40:02 - ive - [103.15.252.187] prakhar(Okta_Realm)[] - Login failed using auth server OktaRadius (Radius Server).  Reason: Failed
2022-01-12T03:01:12.670Z,2022-01-12 11:01:12 - ive - [14.187.133.193] ppham(Okta_Realm)[] - Login failed using auth server OktaRadius (Radius Server).  Reason: Failed
2022-01-12T03:03:10.789Z,2022-01-12 11:03:10 - ive - [116.110.40.232] hoainhi(Okta_Realm)[] - Login failed using auth server OktaRadius (Radius Server).  Reason: Failed
2022-01-12T03:02:42.443Z,2022-01-12 11:02:42 - ive - [171.250.191.63] phant(Okta_Realm)[] - Login failed using auth server OktaRadius (Radius Server).  Reason: Failed
2022-01-12T03:03:47.341Z,2022-01-12 08:33:47 - ive - [122.161.75.184] nchauhan(Okta_Realm)[] - Login failed using auth server OktaRadius (Radius Server).  Reason: Failed
2022-01-12T03:05:21.509Z,2022-01-12 08:35:21 - ive - [122.161.240.153] kagarwa(Okta_Realm)[] - Login failed using auth server OktaRadius (Radius Server).  Reason: Failed
2022-01-12T03:07:16.940Z,2022-01-12 08:37:16 - ive - [223.236.153.74] surabhic(Okta_Realm)[] - Login failed using auth server OktaRadius (Radius Server).  Reason: Failed
2022-01-12T03:02:55.370Z,2022-01-12 11:02:55 - ive - [171.250.191.63] phant(Okta_Realm)[] - Login failed using auth server OktaRadius (Radius Server).  Reason: Short Password
2022-01-12T03:07:22.214Z,2022-01-12 08:37:22 - ive - [223.236.153.74] surabhic(Okta_Realm)[] - Login failed using auth server OktaRadius (Radius Server).  Reason: Short Password
2022-01-12T03:00:14.415Z,2022-01-12 08:30:14 - indc-vpn-1-int - [112.134.187.154] dinukac(Okta_Realm)[] - Login failed using auth server OktaRadius (Radius Server).  Reason: Failed
2022-01-12T03:00:32.705Z,2022-01-12 08:30:32 - indc-vpn-1-int - [49.36.105.224] ravia(Pulse_ESP_Okta_Realm)[] - Login failed using auth server OktaRadius (Radius Server).  Reason: Failed
2022-01-12T03:06:06.715Z,2022-01-11 19:06:06 - hqdc-vpn-int-2 - [49.36.180.12] viskuma(Okta_Realm)[] - Login failed using auth server OktaRadius (Radius Server).  Reason: Failed
2022-01-12T03:04:28.599Z,2022-01-11 19:04:28 - hqdc-vpn-int-2 - [73.70.189.214] syang(PulseD_ESP_Okta_Realm)[] - Login failed using auth server OktaRadius (Radius Server).  Reason: Failed
2022-01-12T03:04:50.463Z,2022-01-11 19:04:50 - hqdc-vpn-int-2 - [49.36.180.12] viskuma(Okta_Realm)[] - Login failed using auth server OktaRadius (Radius Server).  Reason: Failed
