items,@timestamp,serialnumber,type
gb01-vpn-router.internal.synopsys.com,2020-12-12 14:30:13.203156,FJC2050D0WU,Serial_int
gb01-c4510-1.internal.synopsys.com,2020-12-12 14:30:13.203156,FXS2023Q2AH,Serial_int
de02-c4500x-1.internal.synopsys.com,2020-12-12 14:30:13.203156,JAE202601GV,Serial_int
de02-c4510-2.internal.synopsys.com,2020-12-12 14:30:13.203156,FXS2020Q4X8,Serial_int
gb50-vpn-router.internal.synopsys.com,2020-12-12 14:30:13.203156,FLM1905W0DD,Serial_int
fi01-mpls-router-1.synopsys.com,2020-12-12 14:30:13.203156,FLM2122W1LA,Serial_int
il01-vpn-router.internal.synopsys.com,2020-12-12 14:30:13.203156,FGL211311D6,Serial_int
il01-mpls-router-1.synopsys.com,2020-12-12 14:30:13.203156,FLM2204W099,Serial_int
mdc-mpls-router.internal.synopsys.com,2020-12-12 14:30:13.203156,FOX1815G7UW,Serial_int
il01-c3560x-3.internal.synopsys.com,2020-12-12 14:30:13.203156,FDO1529Z0EV,Serial_int
ru20-vpn-router-1,2020-12-12 14:30:13.203156,FCZ2246403M,Serial_int
ru20-c3560x-1.internal.synopsys.com,2020-12-12 14:30:13.203156,FDO1530V1GU,Serial_int
ru20-c3560x-2.internal.synopsys.com,2020-12-12 14:30:13.203156,FDO1530V1EA,Serial_int
mo90-c2950-1,2020-12-12 14:30:13.203156,FOC0848Y3GQ,Serial_int
fr42-c2960s-1.internal.synopsys.com,2020-12-12 14:30:13.203156,FOC1748V5Q2,Serial_int
indc-n6004-1a.internal.synopsys.com,2020-12-12 14:30:13.203156,FOC1838R2EP,Serial_int
indc-n6004-1b.internal.synopsys.com,2020-12-12 14:30:13.203156,FOC1742R02F,Serial_int
indc-c4500x-1.internal.synopsys.com,2020-12-12 14:30:13.203156,JAE2046046H,Serial_int
de04-c3850-1.internal.synopsys.com,2020-12-12 14:30:13.203156,FOC1816U06Z,Serial_int
jp01-c4506-1.synopsys.com,2020-12-12 14:30:13.203156,FXS1823Q05V,Serial_int
am04-c3560x-trng-1.internal.synopsys.com,2020-12-12 14:30:13.203156,FDO1537R0KA,Serial_int
in01-c6880x-1.internal.synopsys.com,2020-12-12 14:30:13.203156,SAL1931L53G,Serial_int
it01-c2960s-2.internal.synopsys.com,2020-12-12 14:30:13.203156,FOC1748V5R3,Serial_int
it01-c2960s-1.internal.synopsys.com,2020-12-12 14:30:13.203156,FOC1749V04R,Serial_int
in45-c4510-1.internal.synopsys.com,2020-12-12 14:30:13.203156,FXS1825Q059,Serial_int
in45-c3560-1.internal.synopsys.com,2020-12-12 14:30:13.203156,FDO1832Z01U,Serial_int
IN74-c3560x-5.internal.synopsys.com,2020-12-12 14:30:13.203156,FDO1522R0JU,Serial_int
powerink-vpn-router.internal.synopsys.com,2020-12-12 14:30:13.203156,FGL18401065,Serial_int
powerink-c3560-1.internal.synopsys.com,2020-12-12 14:30:13.203156,FDO1836R1CP,Serial_int
am04-c4510-4.internal.synopsys.com,2020-12-12 14:30:13.203156,FXS1632Q0LJ,Serial_int
in19-c4506-2.synopsys.com,2020-12-12 14:30:13.203156,FXS1845Q2V2,Serial_int
in19-c3560-trng-new.synopsys.com,2020-12-12 14:30:13.203156,FDO1850E2NT,Serial_int
in19-c3650-1.internal.synopsys.com,2020-12-12 14:30:13.203156,FDO1852E337,Serial_int
in19-c3650-2.internal.synopsys.com,2020-12-12 14:30:13.203156,FDO1852E2WA,Serial_int
jp01-vpn-router.internal.synopsys.com,2020-12-12 14:30:13.203156,FGL212481PP,Serial_int
fr65-c3560x-5.internal.synopsys.com,2020-12-12 14:30:13.203156,FDO1537P0QU,Serial_int
in18-c3850-1.internal.synopsys.com,2020-12-12 14:30:13.203156,FOC1909U0RQ,Serial_int
sg01-c3750x-core.internal.synopsys.com,2020-12-12 14:30:13.203156,FDO1737Z2AN,Serial_int
sg01-c3750x-3.internal.synopsys.com,2020-12-12 14:30:13.203156,FDO1749R2NX,Serial_int
in74-c3560x-7.internal.synopsys.com,2020-12-12 14:30:13.203156,FDO2038F1B3,Serial_int
in74-c3560x-6.internal.synopsys.com,2020-12-12 14:30:13.203156,FDO1630P01J,Serial_int
IN09-c6880x-1.internal.synopsys.com,2020-12-12 14:30:13.203156,SAL1915D586,Serial_int
tw52-c6880-1.internal.synopsys.com,2020-12-12 14:30:13.203156,SAL1923G6JN,Serial_int
tw52-dca-n5672-a.internal.synopsys.com,2020-12-12 14:30:13.203156,FOC1922R1HD,Serial_int
tw52-dca-n5672-b.internal.synopsys.com,2020-12-12 14:30:13.203156,FOC1922R1HG,Serial_int
tw52-dcb-n5672-a.internal.synopsys.com,2020-12-12 14:30:13.203156,FOC1922R1JF,Serial_int
tw52-dcb-n5672-b.internal.synopsys.com,2020-12-12 14:30:13.203156,FOC1922R1JD,Serial_int
fi03-mpls-router.internal.synopsys.com,2020-12-12 14:30:13.203156,FDO2045A0H4,Serial_int
fi03-vpn-router.internal.synopsys.com,2020-12-12 14:30:13.203156,FDO2139A29F,Serial_int
fi03-c4510-1.internal.synopsys.com,2020-12-12 14:30:13.203156,FXS1925Q25W,Serial_int
pl01-c3850-1.internal.synopsys.com,2020-12-12 14:30:13.203156,FOC1943U01L,Serial_int
in7b-c6880x-1.internal.synopsys.com,2020-12-12 14:30:13.203156,SAL1938PBCY,Serial_int
in7b-c2960x-ilo-2.internal.synopsys.com,2020-12-12 14:30:13.203156,FOC1936S3XT,Serial_int
in7b-c2960x-1.internal.synopsys.com,2020-12-12 14:30:13.203156,FOC1936S3YL,Serial_int
lk01-vpn-router.internal.synopsys.com,2020-12-12 14:30:13.203156,FDO1939A00B,Serial_int
LK01-c4507-1.internal.synopsys.com,2020-12-12 14:30:13.203156,FXS1926Q53Q,Serial_int
indc-airtel-router.internal.synopsys.com,2020-12-12 14:30:13.203156,FGL194310BF,Serial_int
indc-vpn-router.internal.synopsys.com,2020-12-12 14:30:13.203156,FGL194310BE,Serial_int
indc-mpls-router.internal.synopsys.com,2020-12-12 14:30:13.203156,FXS2125Q17H,Serial_int
cn42-c3650-ming.internal.synopsys.com,2020-12-12 14:30:13.203156,FDO1919E2AR,Serial_int
indc-tata-router.internal.synopsys.com,2020-12-12 14:30:13.203156,FXS2239Q3GT,Serial_int
cn30-c3850-1.internal.synopsys.com,2020-12-12 14:30:13.203156,FCW1952C1EL,Serial_int
il01-c4506-1.internal.synopsys.com,2020-12-12 14:30:13.203156,SPE193100L2,Serial_int
il01-c3850-1.internal.synopsys.com,2020-12-12 14:30:13.203156,FOC1952U1QE,Serial_int
il01-c3650-1.internal.synopsys.com,2020-12-12 14:30:13.203156,FDO2004E0V3,Serial_int
cn42-c3650-console,2020-12-12 14:30:13.203156,FDO1914E0NS,Serial_int
cn42-c6880-1.internal.synopsys.com,2020-12-12 14:30:13.203156,SAL1951VGC7,Serial_int
mdc-n5548-1a,2020-12-12 14:30:13.203156,SSI163507LQ,Serial_int
mdc-n5548-1b,2020-12-12 14:30:13.203156,SSI16340HET,Serial_int
tw01-c6880-1.internal.synopsys.com,2020-12-12 14:30:13.203156,SAL1925H1LH,Serial_int
tw04-c4510-1.internal.synopsys.com,2020-12-12 14:30:13.203156,FXS1938Q23A,Serial_int
tw04-n3000-1,2020-12-12 14:30:13.203156,FOC1943R01B,Serial_int
gb11-mpls-router.internal.synopsys.com,2020-12-12 14:30:13.203156,FLM2020W0LV,Serial_int
gb11-c3850-1.internal.synopsys.com,2020-12-12 14:30:13.203156,FCW2015D05Z,Serial_int
fi01-c3650-1.internal.synopsys.com,2020-12-12 14:30:13.203156,FDO2019E0TP,Serial_int
de02-c3650-1.internal.synopsys.com,2020-12-12 14:30:13.203156,FDO2025Q1K5,Serial_int
am04-c4506-1.internal.synopsys.com,2020-12-12 14:30:13.203156,SPE182500C0,Serial_int
gb12-vpn-router.internal.synopsys.com,2020-12-12 14:30:13.203156,FDO2103A1X1,Serial_int
in32-a7030,2020-12-12 14:30:13.203156,FDO2108E027,Serial_int
lk01-c3650-4.internal.synopsys.com,2020-12-12 14:30:13.203156,FDO2108E02F,Serial_int
lk01-c3650-5.internal.synopsys.com,2020-12-12 14:30:13.203156,FDO2108E02M,Serial_int
lk01-c3650-6.internal.synopsys.com,2020-12-12 14:30:13.203156,FXS2022Q2BJ,Serial_int
lk01-c3650-7.internal.synopsys.com,2020-12-12 14:30:13.203156,FGL2113112F,Serial_int
ca42-c4506-1.internal.synopsys.com,2020-12-12 14:30:13.203156,FDO2019Q0GE,Serial_int
MDC-fw1,2020-12-12 14:30:13.203156,FOC2141U0N5,Serial_int
jp01-fw01,2020-12-12 14:30:13.203156,FDO1522Z0PT,Serial_int
jp01-fw02,2020-12-12 14:30:13.203156,FDO24261L9E,Serial_int
BE06-FW01,2020-12-12 14:30:13.203156,SSI15180ME7,Serial_int
sg01-fw01,2020-12-12 14:30:13.203156,FOC2102X00C,Serial_int
fi03-fw01,2020-12-12 14:30:13.203156,SG614SU02R,Serial_int
ie02-fw01,2020-12-12 14:30:13.203156,FOX1550G2V0,Serial_int
IT01-FW01,2020-12-12 14:30:13.203156,SSI154802HD,Serial_int
mdc-fw02,2020-12-12 14:30:13.203156,FOX1550G2T5,Serial_int
nl20-lab-fw01.internal.synopsys.com,2020-12-12 14:30:13.203156,FGL215280AW,Serial_int
indc-fw01,2020-12-12 14:30:13.203156,FGL21528098,Serial_int
indc-fw02,2020-12-12 14:30:13.203156,FOC2118X1XF,Serial_int
CN63-FW01,2020-12-12 14:30:13.203156,JAE17250GWA,Serial_int
CN42-FW01,2020-12-12 14:30:13.203156,FCW2136F0WW,Serial_int
CN42-FW02,2020-12-12 14:30:13.203156,JAD213703XV,Serial_int
pt01-fw01-int.internal.synopsys.com,2020-12-12 14:30:13.203156,FGL213380YA,Serial_int
pt02-fw01-int.internal.synopsys.com,2020-12-12 14:30:13.203156,FDO2136Q0TK,Serial_int
SE80-FW01,2020-12-12 14:30:13.203156,FDO1642H16T,Serial_int
jp01-pan-1,2020-12-12 14:30:13.203156,FLM2122V1TK,Serial_int
jp01-pan-2,2020-12-12 14:30:13.203156,FDO2133E060,Serial_int
mo90-fw01,2020-12-12 14:30:13.203156,FDO2136E1C7,Serial_int
jp02-vpn-router.internal.synopsys.com,2020-12-12 14:30:13.203156,FXS2126Q218,Serial_int
jp02-c3850-1.internal.synopsys.com,2020-12-12 14:30:13.203156,FXS2127Q0ZG,Serial_int
jp02-c2960-training.internal.synopsys.com,2020-12-12 14:30:13.203156,FOC2126L2DY,Serial_int
in19-train-fw02,2020-12-12 14:30:13.203156,FDO2108A229,Serial_int
tw52-pan-2,2020-12-12 14:30:13.203156,FDO2105E2CF,Serial_int
fi03-pan-1,2020-12-12 14:30:13.203156,FXS2130Q27J,Serial_int
de06-c3650-1.internal.synopsys.com,2020-12-12 14:30:13.203156,FDO1651P2M0,Serial_int
de06-pan-1,2020-12-12 14:30:13.203156,FDO2035Q0Q0,Serial_int
nl20-pan-1,2020-12-12 14:30:13.203156,FDO2035E1F8,Serial_int
gb11-vpn-router.internal.synopsys.com,2020-12-12 14:30:13.203156,FDO2035E1FJ,Serial_int
gb14-mpls-router.internal.synopsys.com,2020-12-12 14:30:13.203156,FOC2202R1Q8,Serial_int
mdc-pan-1,2020-12-12 14:30:13.203156,FDO2202A0JU,Serial_int
mdc-pan-2,2020-12-12 14:30:13.203156,FDO2202A0DA,Serial_int
fr65-pan-1,2020-12-12 14:30:13.203156,FDO2202A01S,Serial_int
fr65-pan-2,2020-12-12 14:30:13.203156,FXS2151Q4BQ,Serial_int
fr65-c3850-1.internal.synopsys.com,2020-12-12 14:30:13.203156,FTX1606ALB7,Serial_int
lk01-pan-1,2020-12-12 14:30:13.203156,FDO2241A3MN,Serial_int
pl01-pan-1,2020-12-12 14:30:13.203156,FGL220181L6,Serial_int
pl01-mpls-router.internal.synopsys.com,2020-12-12 14:30:13.203156,FGL2204808A,Serial_int
pl01-vpn-router.internal.synopsys.com,2020-12-12 14:30:13.203156,FDO2016A0D2,Serial_int
gb12-pan-1,2020-12-12 14:30:13.203156,FLM2210V0G6,Serial_int
cn42-pan-1,2020-12-12 14:30:13.203156,FDO2136E1AX,Serial_int
cn42-pan-2,2020-12-12 14:30:13.203156,FLM2204W093,Serial_int
mdc-level3-router,2020-12-12 14:30:13.203156,FLM2104W2MT,Serial_int
mdc-colt-router.internal.synopsys.com,2020-12-12 14:30:13.203156,FLM2008W0WL,Serial_int
fr42-vpn-router.internal.synopsys.com,2020-12-12 14:30:13.203156,FCW2151G0NG,Serial_int
gb11-pan-1,2020-12-12 14:30:13.203156,FGL220181PB,Serial_int
pt01-pan-1,2020-12-12 14:30:13.203156,FGL17181038,Serial_int
in19-c3850-1.internal.synopsys.com,2020-12-12 14:30:13.203156,FDO2202Q173,Serial_int
ru20-pan-1,2020-12-12 14:30:13.203156,FDO2226A416,Serial_int
am04-pan-1,2020-12-12 14:30:13.203156,FOC2225Q0H8,Serial_int
am04-pan-2,2020-12-12 14:30:13.203156,FDO2226A419,Serial_int
am04-c3560-console,2020-12-12 14:30:13.203156,FJC2204D1KK,Serial_int
am04-c9500-1.internal.synopsys.com,2020-12-12 14:30:13.203156,FXS2029Q335,Serial_int
in74-pan-1,2020-12-12 14:30:13.203156,FXS2212Q1N4,Serial_int
PT02-hp-CoreSwitch,2020-12-12 14:30:13.203156,FXS2130Q27P,Serial_int
PT02-DCswitch-B,2020-12-12 14:30:13.203156,FDO2151A1FD,Serial_int
PT02-OfficeSwitch-1,2020-12-12 14:30:13.203156,FCW2023B6YS,Serial_int
PT02-OfficeSwitch-2,2020-12-12 14:30:13.203156,FXS1832Q206,Serial_int
in19-a7010,2020-12-12 14:30:13.203156,FOC2221Q0JL,Serial_int
in32-fw01,2020-12-12 14:30:13.203156,FCW2232G0CL,Serial_int
kr02-a7010-dmz,2020-12-12 14:30:13.203156,FDO2138Q069,Serial_int
kr02-c3650-1.internal.synopsys.com,2020-12-12 14:30:13.203156,FLM2011W0TT,Serial_int
kr02-c3750x-1,2020-12-12 14:30:13.203156,FXS2213Q3N4,Serial_int
kr02-c4510-1.internal.synopsys.com,2020-12-12 14:30:13.203156,FXS2225Q1ZS,Serial_int
kr02-n5548-1a.internal.synopsys.com,2020-12-12 14:30:13.203156,FCW2224C040,Serial_int
kr02-pan-1,2020-12-12 14:30:13.203156,FXS2240Q0VG,Serial_int
kr02-c4510-2.internal.synopsys.com,2020-12-12 14:30:13.203156,FDO2224A0UA,Serial_int
kr02-vpn-router.internal.synopsys.com,2020-12-12 14:30:13.203156,FOC1941U16L,Serial_int
kr02-vpn-router-1.internal.synopsys.com,2020-12-12 14:30:13.203156,FDO1906E2HU,Serial_int
kr02-mpls-router.internal.synopsys.com,2020-12-12 14:30:13.203156,FXS2240Q0VU,Serial_int
kr02-c3850-1.internal.synopsys.com,2020-12-12 14:30:13.203156,FDO22330L0Q,Serial_int
il01-c4500x-1.internal.synopsys.com,2020-12-12 14:30:13.203156,FCW2245B1QC,Serial_int
pt02-pan-1,2020-12-12 14:30:13.203156,FCW2245B1QR,Serial_int
gb50-pan-1,2020-12-12 14:30:13.203156,FCW2245B1SB,Serial_int
fw-in01.internal.synopsys.com,2020-12-12 14:30:13.203156,FXS2046Q02A,Serial_int
indc-c3850-dmz,2020-12-12 14:30:13.203156,FXS2301Q2WC,Serial_int
fr01-c3650-1.internal.synopsys.com,2020-12-12 14:30:13.203156,FXS2301Q47C,Serial_int
gb50-c3560x-1.internal.synopsys.com,2020-12-12 14:30:13.203156,FXS2301Q3NP,Serial_int
gb50-c3560x-2.internal.synopsys.com,2020-12-12 14:30:13.203156,FCW2315FT6T,Serial_int
solarwinds-us.internal.synopsys.com,2020-12-12 14:30:13.203156,SSI163705K0,Serial_int
solarwinds-us-p1,2020-12-12 14:30:13.203156,FCW2307F0NN,Serial_int
solarwinds-us-p2,2020-12-12 14:30:13.203156,JAE204008S5,Serial_int
solarwinds-us-p3.internal.synopsys.com,2020-12-12 14:30:13.203156,FGL233930US,Serial_int
solarwinds-us-p4.internal.synopsys.com,2020-12-12 14:30:13.203156,FGL233930JL,Serial_int
it01-c3650-1.internal.synopsys.com,2020-12-12 14:30:13.203156,FXS2334Q0V8,Serial_int
ie02-c3650-1.internal.synopsys.com,2020-12-12 14:30:13.203156,FXS2334Q0N2,Serial_int
ie02-c3650-2.internal.synopsys.com,2020-12-12 14:30:13.203156,FCW2340GH0U,Serial_int
fr42-c3650-1.internal.synopsys.com,2020-12-12 14:30:13.203156,FXS2319Q23Q,Serial_int
solarwinds-us-p5.internal.synopsys.com,2020-12-12 14:30:13.203156,FXS2319Q239,Serial_int
il01-a7010-dmz,2020-12-12 14:30:13.203156,FXS2319Q23R,Serial_int
in24-c4507-1.internal.synopsys.com,2020-12-12 14:30:13.203156,FXS2319Q22K,Serial_int
cn63-c4507-1.internal.synopsys.com,2020-12-12 14:30:13.203156,FDO2339M1Z9,Serial_int
cn42-a7010-dmz,2020-12-12 14:30:13.203156,FDO233502W9,Serial_int
IN08-c3650-1.internal.synopsys.com,2020-12-12 14:30:13.203156,FDO23360626,Serial_int
jp01-kddi-router.internal.synopsys.com,2020-12-12 14:30:13.203156,FDO233605V2,Serial_int
tw01-fw01,2020-12-12 14:30:13.203156,FDO233605W5,Serial_int
ru20-c3850-1.internal.synopsys.com,2020-12-12 14:30:13.203156,FDO233605ZH,Serial_int
ru20-c3850-2.internal.synopsys.com,2020-12-12 14:30:13.203156,FDO2336061Y,Serial_int
fr65-hw-switch,2020-12-12 14:30:13.203156,FDO2336062L,Serial_int
gb01-c3560-int,2020-12-12 14:30:13.203156,FDO233502WE,Serial_int
gb11-c3560-int,2020-12-12 14:30:13.203156,FDO233605UG,Serial_int
gb14-switch-module,2020-12-12 14:30:13.203156,FDO2336061A,Serial_int
ie02-sw-module.internal.synopsys.com,2020-12-12 14:30:13.203156,FDO233605V9,Serial_int
fr03-c3650-1.internal.synopsys.com,2020-12-12 14:30:13.203156,FDO2336063F,Serial_int
fr03-c3650-2.internal.synopsys.com,2020-12-12 14:30:13.203156,FDO233605WQ,Serial_int
fr03-mpls-router.internal.synopsys.com,2020-12-12 14:30:13.203156,FDO233608AD,Serial_int
fr03-vpn-router.internal.synopsys.com,2020-12-12 14:30:13.203156,FOX2335PAMD,Serial_int
pt01-c3750x-DC.internal.synopsys.com,2020-12-12 14:30:13.203156,FDO23140HG9,Serial_int
IN46-c4510-1.internal.synopsys.com,2020-12-12 14:30:13.203156,FDO1652P1WC,Serial_int
IN46-a7010,2020-12-12 14:30:13.203156,FDO1721Z2V8,Serial_int
pt02-c4506-1.internal.synopsys.com,2020-12-12 14:30:13.203156,FCW2349A1M1,Serial_int
kr02-fw01,2020-12-12 14:30:13.203156,FGL2402L7X3,Serial_int
fr65-c3560x-DC.internal.synopsys.com,2020-12-12 14:30:13.203156,FXS2302Q4A9,Serial_int
fr65-c3650-2.internal.synopsys.com,2020-12-12 14:30:13.203156,FDO2245F0RR,Serial_int
fr65-c3650-3.internal.synopsys.com,2020-12-12 14:30:13.203156,FDO2245F0TH,Serial_int
fr65-a7010,2020-12-12 14:30:13.203156,FDO2245F0SM,Serial_int
fr65-c3560x-mfg.internal.synopsys.com,2020-12-12 14:30:13.203156,FDO2245F0U1,Serial_int
fr65-c3650-1.internal.synopsys.com,2020-12-12 14:30:13.203156,FDO2245F0TL,Serial_int
fr65-n5648-1b.internal.synopsys.com,2020-12-12 14:30:13.203156,FDO2314F1E9,Serial_int
tw04-vpn-router.internal.synopsys.com,2020-12-12 14:30:13.203156,FOC1617Z440,Serial_int
fi03-c3560-int,2020-12-12 14:30:13.203156,SSI154602C5,Serial_int
cn34-vpn-router.internal.synopsys.com,2020-12-12 14:30:13.203156,FDO2010Q03Q,Serial_int
cn34-mpls-router.internal.synopsys.com,2020-12-12 14:30:13.203156,FOC23287SRE,Serial_int
cn34-c4510-1.internal.synopsys.com,2020-12-12 14:30:13.203156,FCW2036D1SB,Serial_int
cn30-fw01,2020-12-12 14:30:13.203156,FGL2421LU3J,Serial_int
tw01-mpls-router.internal.synopsys.com,2020-12-12 14:30:13.203156,FXS2411Q32K,Serial_int
tw01-vpn-router.internal.synopsys.com,2020-12-12 14:30:13.203156,FGL2421LJJF,Serial_int
fr65-fw01,2020-12-12 14:30:13.203156,FGL2421LRQD,Serial_int
fr65-fw02,2020-12-12 14:30:13.203156,FGL2421LJJM,Serial_int
fr65-c3850-peli-1.internal.synopsys.com,2020-12-12 14:30:13.203156,FJC2409S0TQ,Serial_int
cn63-mpls-router.internal.synopsys.com,2020-12-12 14:30:13.203156,FOC1551Z12C,Serial_int
mo90-vpn-router-1,2020-12-12 14:30:13.203156,FOC1042Z1PS,Serial_int
in19-pan-1,2020-12-12 14:30:13.203156,FOX1352G283,Serial_int
in19-pan-2,2020-12-12 14:30:13.203156,FJB2432E00M,Serial_int
cn30-mpls-router.internal.synopsys.com,2020-12-12 14:30:13.203156,FJB2428E01D,Serial_int
it01-vpn-router.internal.synopsys.com,2020-12-12 14:30:13.203156,FLM2204V1G2,Serial_int
ie02-c4510-1.internal.synopsys.com,2020-12-12 14:30:13.203156,FXS1736Q3NR,Serial_int
de04-vpn-router.internal.synopsys.com,2020-12-12 14:30:13.203156,FTX1811AL2H,Serial_int
gb01-mpls-router,2020-12-12 14:30:13.203156,FLM2103Y03A,Serial_int
se80-mpls-router,2020-12-12 14:30:13.203156,FLM2204W092,Serial_int
de06-mpls-router.internal.synopsys.com,2020-12-12 14:30:13.203156,FLM2204W090,Serial_int
ie02-mpls-router.internal.synopsys.com,2020-12-12 14:30:13.203156,FLM2030W19K,Serial_int
fr42-mpls-router.internal.synopsys.com,2020-12-12 14:30:13.203156,FLM2204W096,Serial_int
gb50-mpls-router.internal.synopsys.com,2020-12-12 14:30:13.203156,FLM2204W098,Serial_int
it01-mpls-router.internal.synopsys.com,2020-12-12 14:30:13.203156,FLM2204W091,Serial_int
de06-vpn-router.internal.synopsys.com,2020-12-12 14:30:13.203156,FLM2204V1G1,Serial_int
de06-c2960s-1.internal.synopsys.com,2020-12-12 14:30:13.203156,FOC1749W00P,Serial_int
de06-c2960s-2.internal.synopsys.com,2020-12-12 14:30:13.203156,FOC1749V04K,Serial_int
pt02-vpn-router.internal.synopsys.com,2020-12-12 14:30:13.203156,FJC2202D1PJ,Serial_int
pt02-mpls-router.internal.synopsys.com,2020-12-12 14:30:13.203156,FJC2202D1JX,Serial_int
pt01-vpn-router.internal.synopsys.com,2020-12-12 14:30:13.203156,FJC2049D0Z8,Serial_int
pt01-mpls-router.internal.synopsys.com,2020-12-12 14:30:13.203156,FJC1948D027,Serial_int
pt01-c4900m-2.internal.synopsys.com,2020-12-12 14:30:13.203156,JAE14350219,Serial_int
pt01-c3750x-1.internal.synopsys.com,2020-12-12 14:30:13.203156,FDO1434K05S,Serial_int
pt01-c4900m-01,2020-12-12 14:30:13.203156,JAE1435003Z,Serial_int
pl01-c3750x-1.internal.synopsys.com,2020-12-12 14:30:13.203156,FDO1442K1F1,Serial_int
mdc-c3750x-dmz-01.internal.synopsys.com,2020-12-12 14:30:13.203156,FDO1442R05G,Serial_int
de02-mpls-router.internal.synopsys.com,2020-12-12 14:30:13.203156,FTX1443AHCD,Serial_int
am04-c3560x-1a,2020-12-12 14:30:13.203156,FDO1525P1XV,Serial_int
am04-c4510-1.internal.synopsys.com,2020-12-12 14:30:13.203156,FOX1509H412,Serial_int
am04-c4510-2.internal.synopsys.com,2020-12-12 14:30:13.203156,FOX1509H44J,Serial_int
am04-c4510-3.internal.synopsys.com,2020-12-12 14:30:13.203156,FOX1509H44K,Serial_int
am04-c3560x-1b.internal.synopsys.com,2020-12-12 14:30:13.203156,FDO1525V0SD,Serial_int
am04-c3560x-1c.internal.synopsys.com,2020-12-12 14:30:13.203156,FOC1219W470,Serial_int
am04-c3560x-2a.internal.synopsys.com,2020-12-12 14:30:13.203156,FDO1525Z0FD,Serial_int
am04-c3560x-2b.internal.synopsys.com,2020-12-12 14:30:13.203156,FDO1525V0S4,Serial_int
am04-c3560x-2c.internal.synopsys.com,2020-12-12 14:30:13.203156,FOC1320Z4Q9,Serial_int
am04-c3560x-3a.internal.synopsys.com,2020-12-12 14:30:13.203156,FDO1525Z0F9,Serial_int
am04-c3560x-3b.internal.synopsys.com,2020-12-12 14:30:13.203156,FDO1525V0R5,Serial_int
am04-c3560x-3c.internal.synopsys.com,2020-12-12 14:30:13.203156,FOC1320Z4QC,Serial_int
am04-C4507-trng.internal.synopsys.com,2020-12-12 14:30:13.203156,FOX1524GQDD,Serial_int
il01-c3560x-1.internal.synopsys.com,2020-12-12 14:30:13.203156,FDO1528V0UJ,Serial_int
il01-c3560x-2.internal.synopsys.com,2020-12-12 14:30:13.203156,FDO1528Z0K1,Serial_int
ru20-c3750-1.internal.synopsys.com,2020-12-12 14:30:13.203156,FCZ14217124,Serial_int
nl20-c3560x-1.internal.synopsys.com,2020-12-12 14:30:13.203156,FDO1542V1P7,Serial_int
nl20-c3560x-2.internal.synopsys.com,2020-12-12 14:30:13.203156,FDO1533R0TQ,Serial_int
nl20-c3560x-3.internal.synopsys.com,2020-12-12 14:30:13.203156,FDO1542P1S3,Serial_int
nl20-vpn-router.internal.synopsys.com,2020-12-12 14:30:13.203156,FLM2036W0RH,Serial_int
nl20-crypto-router.internal.synopsys.com,2020-12-12 14:30:13.203156,FTX1651A1D6,Serial_int
nl20-mpls-router.internal.synopsys.com,2020-12-12 14:30:13.203156,FLM2204W09A,Serial_int
de04-c3560x-1.internal.synopsys.com,2020-12-12 14:30:13.203156,FDO1630P1N3,Serial_int
de04-c3560x-2.internal.synopsys.com,2020-12-12 14:30:13.203156,FDO1640X0KN,Serial_int
de04-c3560x-3.internal.synopsys.com,2020-12-12 14:30:13.203156,FDO1643Z1JW,Serial_int
fr65-mpls-router.internal.synopsys.com,2020-12-12 14:30:13.203156,FJC2204D1A5,Serial_int
fr65-c3560x-1,2020-12-12 14:30:13.203156,FDO1644H0E2,Serial_int
fr65-c3560x-2,2020-12-12 14:30:13.203156,FDO1819Z12J,Serial_int
fr65-c3560x-3,2020-12-12 14:30:13.203156,FDO1652H18Q,Serial_int
mdc-n5596-1a.internal.synopsys.com,2020-12-12 14:30:13.203156,FOX1924H9H9,Serial_int
mdc-n5596-1b.internal.synopsys.com,2020-12-12 14:30:13.203156,FOX1726GT94,Serial_int
de06-c3560x-1.internal.synopsys.com,2020-12-12 14:30:13.203156,FDO1640H07C,Serial_int
de06-c3560x-2.internal.synopsys.com,2020-12-12 14:30:13.203156,FDO1640X0TL,Serial_int
pl01-c3750x-2.internal.synopsys.com,2020-12-12 14:30:13.203156,FDO1712H222,Serial_int
pt02-c3560x-1.internal.synopsys.com,2020-12-12 14:30:13.203156,FDO1814H044,Serial_int
fr65-c3560x-4.internal.synopsys.com,2020-12-12 14:30:13.203156,FDO1811Z1JG,Serial_int
mdc-c3750x-03.internal.synopsys.com,2020-12-12 14:30:13.203156,FDO1442P0B4,Serial_int
mdc-c3750x-1,2020-12-12 14:30:13.203156,FDO1723P07L,Serial_int
am04-c3560x-trng,2020-12-12 14:30:13.203156,FDO1713Z0Q1,Serial_int
pt01-c3750x-2.internal.synopsys.com,2020-12-12 14:30:13.203156,FDO1434K05Z,Serial_int
tw04-c4507-1.internal.synopsys.com,2020-12-12 14:30:13.203156,FOX103901GF,Serial_int
tw04-mpls-router.internal.synopsys.com,2020-12-12 14:30:13.203156,FDO2201A187,Serial_int
jp01-c4510-1.internal.synopsys.com,2020-12-12 14:30:13.203156,FOX1452GVT7,Serial_int
jp01-c4510-2.internal.synopsys.com,2020-12-12 14:30:13.203156,FOX1503GGYZ,Serial_int
jp01-c9410-1.internal.synopsys.com,2020-12-12 14:30:13.203156,FXS2247Q1J1,Serial_int
jp01-n9324-1b.internal.synopsys.com,2020-12-12 14:30:13.203156,FDO223400HT,Serial_int
jp01-mpls-router.internal.synopsys.com,2020-12-12 14:30:13.203156,FJC2204D1A3,Serial_int
jp01-n5548-1a.internal.synopsys.com,2020-12-12 14:30:13.203156,SSI14440MFL,Serial_int
jp01-n5548-1b.internal.synopsys.com,2020-12-12 14:30:13.203156,SSI14440MFG,Serial_int
in23-c3560x-3.internal.synopsys.com,2020-12-12 14:30:13.203156,FDO1937F2K0,Serial_int
in23-c9300-1.internal.synopsys.com,2020-12-12 14:30:13.203156,FOC2415X0NW,Serial_int
in19-n5596-1a.internal.synopsys.com,2020-12-12 14:30:13.203156,FOX1902GKZ7,Serial_int
in19-n5596-1b.internal.synopsys.com,2020-12-12 14:30:13.203156,FOX2053G2KY,Serial_int
in74-c3560-2.internal.synopsys.com,2020-12-12 14:30:13.203156,FDO1638Y1F3,Serial_int
indc-n5548-1a.internal.synopsys.com,2020-12-12 14:30:13.203156,SSI15360L5Z,Serial_int
indc-n5548-1b.synopsys.com,2020-12-12 14:30:13.203156,SSI15320H72,Serial_int
jp01-c3560-training-2.internal.synopsys.com,2020-12-12 14:30:13.203156,FOC1105Y3FY,Serial_int
jp01-c3560g-training.internal.synopsys.com,2020-12-12 14:30:13.203156,FOC1040Y3A7,Serial_int
jp01-c3750-dmz.internal.synopsys.com,2020-12-12 14:30:13.203156,FDO1505P0UG,Serial_int
jp02-c3750-1.internal.synopsys.com,2020-12-12 14:30:13.203156,FDO1541V10K,Serial_int
cn30-c3560-1.internal.synopsys.com,2020-12-12 14:30:13.203156,FDO1713P1MW,Serial_int
cn30-c3560-2.internal.synopsys.com,2020-12-12 14:30:13.203156,FDO2040F0S9,Serial_int
cn30-c4500x-1.internal.synopsys.com,2020-12-12 14:30:13.203156,JAE171308CQ,Serial_int
cn30-c4510-1.internal.synopsys.com,2020-12-12 14:30:13.203156,FXS2128Q2NW,Serial_int
cn42-c4510-1.internal.synopsys.com,2020-12-12 14:30:13.203156,FOX1413GUMW,Serial_int
cn42-mpls-router.internal.synopsys.com,2020-12-12 14:30:13.203156,FGL201611LN,Serial_int
cn42-n5548-1a,2020-12-12 14:30:13.203156,SSI15290BPZ,Serial_int
cn42-n5548-1b,2020-12-12 14:30:13.203156,SSI1529076B,Serial_int
cn63-vpn-router.internal.synopsys.com,2020-12-12 14:30:13.203156,FGL16491010,Serial_int
cn63-c2960-int.internal.synopsys.com,2020-12-12 14:30:13.203156,FOC1628X3YY,Serial_int
ie02-c3560x-2.internal.synopsys.com,2020-12-12 14:30:13.203156,FDO1720H24M,Serial_int
ie02-c3560x-1.internal.synopsys.com,2020-12-12 14:30:13.203156,FDO1719H1GU,Serial_int
IN19-C4510-1.internal.synopsys.com,2020-12-12 14:30:13.203156,FXS1853Q1NC,Serial_int
in19-c3750-ILO-2.internal.synopsys.com,2020-12-12 14:30:13.203156,FDO1630V0R3,Serial_int
In19-c3750-intel.internal.synopsys.com,2020-12-12 14:30:13.203156,FDO1630V0QL,Serial_int
In19-c3750-intel-1.synopsys.com,2020-12-12 14:30:13.203156,FDO1523K0K7,Serial_int
IN19-C4506-1.internal.synopsys.com,2020-12-12 14:30:13.203156,SPE181200GG,Serial_int
in25-c3560-1.internal.synopsys.com,2020-12-12 14:30:13.203156,FDO1735P1BX,Serial_int
in01-vpn-router.internal.synopsys.com,2020-12-12 14:30:13.203156,FGL2335317F,Serial_int
jp01-sprint-router.internal.synopsys.com,2020-12-12 14:30:13.203156,FTX1504AJSN,Serial_int
mdc-c2960-ext-2.internal.synopsys.com,2020-12-12 14:30:13.203156,FOC1715Z4HN,Serial_int
mdc-c2960-ext-1.internal.synopsys.com,2020-12-12 14:30:13.203156,FOC1715W488,Serial_int
in74-c3750x-1a.internal.synopsys.com,2020-12-12 14:30:13.203156,FDO1614R0K8,Serial_int
in74-c3560x-kdbi.internal.synopsys.com,2020-12-12 14:30:13.203156,FDO1744R1NJ,Serial_int
in74-c3560x-4.internal.synopsys.com,2020-12-12 14:30:13.203156,FDO1714R0SW,Serial_int
in74-c3560x-3.internal.synopsys.com,2020-12-12 14:30:13.203156,FDO2035F18R,Serial_int
il01-c3560x-4.internal.synopsys.com,2020-12-12 14:30:13.203156,FDO1715R1CM,Serial_int
il01-c3560x-5.internal.synopsys.com,2020-12-12 14:30:13.203156,FDO1719H2M1,Serial_int
cn42-c3750x-dsa.internal.synopsys.com,2020-12-12 14:30:13.203156,FDO1748Z2VM,Serial_int
cn42-c4500x-dsa.internal.synopsys.com,2020-12-12 14:30:13.203156,JAE17470NTK,Serial_int
in24-c3560-1.synopsys.com,2020-12-12 14:30:13.203156,FDO1741P3CN,Serial_int
in24-c3560-2.synopsys.com,2020-12-12 14:30:13.203156,FDO1741P3CQ,Serial_int
mo90-vpn-router-2.internal.synopsys.com,2020-12-12 14:30:13.203156,FGL161510S0,Serial_int
mo90-c4506-1.internal.synopsys.com,2020-12-12 14:30:13.203156,SPE173700MC,Serial_int
be06-vpn-router.internal.synopsys.com,2020-12-12 14:30:13.203156,FTX1522AJ23,Serial_int
be06-c3560x-1.internal.synopsys.com,2020-12-12 14:30:13.203156,FDO1731R064,Serial_int
de11-vpn-router.internal.synopsys.com,2020-12-12 14:30:13.203156,FTX1818AJ7S,Serial_int
de11-c3560x-1,2020-12-12 14:30:13.203156,FDO1717Z29B,Serial_int
be06-c3560x-2.internal.synopsys.com,2020-12-12 14:30:13.203156,FDO1807P0ED,Serial_int
fr03-c3560x-1.internal.synopsys.com,2020-12-12 14:30:13.203156,FDO1640X0F0,Serial_int
fr03-c3560x-2.internal.synopsys.com,2020-12-12 14:30:13.203156,FDO1640H077,Serial_int
gb50-c3560c-1.internal.synopsys.com,2020-12-12 14:30:13.203156,FOC1816Z1KC,Serial_int
pt02-c3560x-2.internal.synopsys.com,2020-12-12 14:30:13.203156,FDO1719H2D1,Serial_int
de11-c3560x-2.internal.synopsys.com,2020-12-12 14:30:13.203156,FDO1812H0GN,Serial_int
am04-n5548-1a.internal.synopsys.com,2020-12-12 14:30:13.203156,FDO2136Q0SJ,Serial_int
am04-n5548-1b.internal.synopsys.com,2020-12-12 14:30:13.203156,FTX1701AHHN,Serial_int
am04-guest-wifi-mgmt,2020-12-12 14:30:13.203156,FOC2225U0GN,Serial_int
am04-a7030,2020-12-12 14:30:13.203156,FDO2227A407,Serial_int
mo90-pan-1,2020-12-12 14:30:13.203156,FDO2227A409,Serial_int
ru20-c3850x-1.internal.synopsys.com,2020-12-12 14:30:13.203156,FDO2339M1ZC,Serial_int
se80-vpn-router.internal.synopsys.com,2020-12-12 14:30:13.203156,WZP233712J0,Serial_int
indc-pan-1,2020-12-12 14:30:13.203156,WZP233711FF,Serial_int
indc-pan-2,2020-12-12 14:30:13.203156,WZP233711FH,Serial_int
ch10-c3850x-1.internal.synopsys.com,2020-12-12 14:30:13.203156,FGL231830ML,Serial_int
ch10-c4510-1.internal.synopsys.com,2020-12-12 14:30:13.203156,FDO2123V0LX,Serial_int
ch10-pan-1,2020-12-12 14:30:13.203156,FDO2304F3TD,Serial_int
tw52-vpn-router.internal.synopsys.com,2020-12-12 14:30:13.203156,FGL232431PG,Serial_int
gb12-mpls-router.internal.synopsys.com,2020-12-12 14:30:13.203156,FDO2043A1PT,Serial_int
in32-c4510-1.synopsys.com,2020-12-12 14:30:13.203156,JAD2112039D,Serial_int
gb11-c3650-1.internal.synopsys.com,2020-12-12 14:30:13.203156,FDO2113A2BG,Serial_int
ie02-vpn-router.internal.synopsys.com,2020-12-12 14:30:13.203156,FLM2002W152,Serial_int
fr01-vpn-router.internal.synopsys.com,2020-12-12 14:30:13.203156,FLM2015W0RJ,Serial_int
fr01-mpls-router,2020-12-12 14:30:13.203156,FLM1940W0CL,Serial_int
